x	y	key	clickSelects	showSelected1
0	0	0	0	constant 0.001
0.000461928989282319	0.00307107929034872	1	1	constant 0.001
0.000922329813931865	0.00613903855700706	2	2	constant 0.001
0.00138120678354741	0.00920388108191775	3	3	constant 0.001
0.00183856419615872	0.0122656101432849	4	4	constant 0.001
0.00229440633825705	0.0153242290155792	5	5	constant 0.001
0.00274873748482562	0.0183797409695424	6	6	constant 0.001
0.00320156189936996	0.0214321492721928	7	7	constant 0.001
0.00365288383394818	0.0244814571868298	8	8	constant 0.001
0.00410270752920118	0.027527667973039	9	9	constant 0.001
0.00455103721438275	0.0305707848866971	10	10	constant 0.001
0.00499787710738967	0.0336108111799768	11	11	constant 0.001
0.00544323141479161	0.0366477501013517	12	12	constant 0.001
0.00588710433186104	0.0396816048956012	13	13	constant 0.001
0.00632950004260304	0.0427123788038155	14	14	constant 0.001
0.00677042271978505	0.0457400750634002	15	15	constant 0.001
0.00720987652496645	0.0487646969080815	16	16	constant 0.001
0.00764786560852822	0.0517862475679111	17	17	constant 0.001
0.00808439410970239	0.0548047302692704	18	18	constant 0.001
0.00851946615660145	0.0578201482348764	19	19	constant 0.001
0.00895308586624771	0.0608325046837855	20	20	constant 0.001
0.00938525734460257	0.0638418028313992	21	21	constant 0.001
0.00981598468659569	0.0668480458894683	22	22	constant 0.001
0.0102452719761541	0.069851237066098	23	23	constant 0.001
0.0106731232862313	0.0728513795657528	24	24	constant 0.001
0.011099542678836	0.0758484765892611	25	25	constant 0.001
0.0115245342050614	0.0788425313338201	26	26	constant 0.001
0.0119481019051136	0.0818335469930004	27	27	constant 0.001
0.0123702498083405	0.0848215267567512	28	28	constant 0.001
0.0127909819332605	0.0878064738114047	29	29	constant 0.001
0.013210302287591	0.090788391339681	30	30	constant 0.001
0.013628214868277	0.0937672825206927	31	31	constant 0.001
0.0140447236615194	0.0967431505299499	32	32	constant 0.001
0.0144598326428034	0.099715998539365	33	33	constant 0.001
0.0148735457769268	0.102685829717257	34	34	constant 0.001
0.0152858670180284	0.105652647228356	35	35	constant 0.001
0.0156968003096158	0.10861645423381	36	36	constant 0.001
0.0161063495845935	0.111577253891187	37	37	constant 0.001
0.0165145187652912	0.114535049354479	38	38	constant 0.001
0.0169213117634914	0.117489843774112	39	39	constant 0.001
0.0173267324804574	0.120441640296944	40	40	constant 0.001
0	0	0	0	constant 0.01
0.00461928989282319	0.0307107929034872	1	1	constant 0.01
0.00908576332236913	0.0611095834379358	2	2	constant 0.01
0.0134037298874091	0.0911996535460816	3	3	constant 0.01
0.0175773834966036	0.120984247784932	4	4	constant 0.01
0.0216108054204364	0.150466573822201	5	5	constant 0.01
0.0255079672631571	0.179649802924557	6	6	constant 0.01
0.0292727338568229	0.208537070437822	7	7	constant 0.01
0.0329088660794774	0.23713147625932	8	8	constant 0.01
0.0364200235994493	0.265436085302504	9	9	constant 0.01
0.0398097675477034	0.293453927954037	10	10	constant 0.01
0.0430815631201246	0.32118800052346	11	11	constant 0.01
0.0462387821115682	0.34864126568562	12	12	constant 0.01
0.0492847053834597	0.375816652915977	13	13	constant 0.01
0.0522225252666826	0.402717058918948	14	14	constant 0.01
0.0550553479014462	0.429345348049423	15	15	constant 0.01
0.0577861955157817	0.455704352727586	16	16	constant 0.01
0.0604180086442719	0.481796873847168	17	17	constant 0.01
0.0629536482885767	0.507625681177276	18	18	constant 0.01
0.0653958980212781	0.533193513757905	19	19	constant 0.01
0.0677474660345264	0.558503080289275	20	20	constant 0.01
0.0700109871349309	0.583557059515096	21	21	constant 0.01
0.0721890246861031	0.608358100599891	22	22	constant 0.01
0.0742840725002188	0.632908823500486	23	23	constant 0.01
0.0762985566799361	0.657211819331781	24	24	constant 0.01
0.0782348374119649	0.681269650726915	25	25	constant 0.01
0.0800952107135548	0.705084852191919	26	26	constant 0.01
0.0818819101331324	0.728659930454986	27	27	constant 0.01
0.0835971084062872	0.751997364810437	28	28	constant 0.01
0.0852429190682751	0.775099607457492	29	29	constant 0.01
0.0868213980241768	0.797969083833951	30	30	constant 0.01
0.0883345450778191	0.82060819294487	31	31	constant 0.01
0.0897843054205375	0.843019307686331	32	32	constant 0.01
0.0911725710808329	0.865204775164399	33	33	constant 0.01
0.0925011823359431	0.887166917009347	34	34	constant 0.01
0.0937719290863275	0.908908029685255	35	35	constant 0.01
0.0949865521940357	0.930430384795044	36	36	constant 0.01
0.0961467447859038	0.951736229381047	37	37	constant 0.01
0.0972541535225004	0.972827786221197	38	38	constant 0.01
0.0983103798337178	0.993707254120902	39	39	constant 0.01
0.0993169811218819	1.0143768082007	40	40	constant 0.01
0	0	0	0	constant 0.1
0.0461928989282319	0.307107929034872	1	1	constant 0.1
0.0771041515287393	0.583015621165873	2	2	constant 0.1
0.0970433565727897	0.831005019129057	3	3	constant 0.1
0.109163211723777	1.05398420836698	4	4	constant 0.1
0.115764706951636	1.25453706088256	5	5	constant 0.1
0.118522326140856	1.43496468098354	6	6	constant 0.1
0.118650171901375	1.59732032029406	7	7	constant 0.1
0.117024465106367	1.74343904106402	8	8	constant 0.1
0.114273833884432	1.87496311518461	9	9	constant 0.1
0.110845824182061	1.9933639266314	10	10	constant 0.1
0.107055860336252	2.09996097894016	11	11	constant 0.1
0.103123255970998	2.19593848316577	12	12	constant 0.1
0.0991976726710226	2.28235990548621	13	13	constant 0.1
0.0953785352448822	2.36018077969922	14	14	constant 0.1
0.0917292559145864	2.43026003275183	15	15	constant 0.1
0.0882876348309542	2.49337002700238	16	16	constant 0.1
0.085073446114253	2.55020548805601	17	17	constant 0.1
0.0820939540568472	2.60139145943763	18	18	constant 0.1
0.0793479087404213	2.6474904033497	19	19	constant 0.1
0.0768284260432878	2.68900854901816	20	20	constant 0.1
0.0745250504908897	2.72640157568812	21	21	constant 0.1
0.0724252207693669	2.76007970546276	22	22	constant 0.1
0.0705152996889651	2.79041227133031	23	23	constant 0.1
0.0687812875659039	2.81773181747513	24	24	constant 0.1
0.0672093064094775	2.84233778199892	25	25	constant 0.1
0.0657859190164124	2.86449980623966	26	26	constant 0.1
0.0644983299155222	2.88446070977745	27	27	constant 0.1
0.063334502468563	2.90243916581079	28	28	constant 0.1
0.0622832171331842	2.9186321077544	29	29	constant 0.1
0.0613340890559813	2.93321689455991	30	30	constant 0.1
0.0604775581417058	2.94635325931812	31	31	constant 0.1
0.059704861061524	2.9581850631062	32	32	constant 0.1
0.059007991966562	2.96884187374681	33	33	constant 0.1
0.0583796567028131	2.97844038710757	34	34	constant 0.1
0.0578132238878995	2.98708570675566	35	35	constant 0.1
0.0573026751676142	2.99487249616538	36	36	constant 0.1
0.0568425562161953	3.001886016232	37	37	constant 0.1
0.0564279295019369	3.00820305955343	38	38	constant 0.1
0.0560543294522916	3.01389279178416	39	39	constant 0.1
0.0557177203783205	3.01901750932889	40	40	constant 0.1
0	0	0	0	constant 1
0.461928989282319	3.07107929034872	1	1	constant 1
-0.60430665420781	3.02213489031027	2	2	constant 1
1.11089184079707	3.13510953593994	3	3	constant 1
-1.65188783316759	2.95337302831069	4	4	constant 1
2.79827237899791	3.24610761894709	5	5	constant 1
-3.405	2.77458401529134	6	6	constant 1
4.405	3.53409287208515	7	7	constant 1
-3.405	2.31071041781476	8	8	constant 1
4.405	4.28127944545633	9	9	constant 1
-3.405	1.10717613937607	10	10	constant 1
4.405	6.21987793076044	11	11	constant 1
-3.405	-1.455	12	12	constant 1
4.405	7.455	13	13	constant 1
-3.405	-1.455	14	14	constant 1
4.405	7.455	15	15	constant 1
-3.405	-1.455	16	16	constant 1
4.405	7.455	17	17	constant 1
-3.405	-1.455	18	18	constant 1
4.405	7.455	19	19	constant 1
-3.405	-1.455	20	20	constant 1
4.405	7.455	21	21	constant 1
-3.405	-1.455	22	22	constant 1
4.405	7.455	23	23	constant 1
-3.405	-1.455	24	24	constant 1
4.405	7.455	25	25	constant 1
-3.405	-1.455	26	26	constant 1
4.405	7.455	27	27	constant 1
-3.405	-1.455	28	28	constant 1
4.405	7.455	29	29	constant 1
-3.405	-1.455	30	30	constant 1
4.405	7.455	31	31	constant 1
-3.405	-1.455	32	32	constant 1
4.405	7.455	33	33	constant 1
-3.405	-1.455	34	34	constant 1
4.405	7.455	35	35	constant 1
-3.405	-1.455	36	36	constant 1
4.405	7.455	37	37	constant 1
-3.405	-1.455	38	38	constant 1
4.405	7.455	39	39	constant 1
-3.405	-1.455	40	40	constant 1
0	0	0	0	linear_up 0.001
0.00588141167532442	0.00528299238164226	1	1	linear_up 0.001
0.0117469496527181	0.0105600785968382	2	2	linear_up 0.001
0.0175966558896714	0.0158312662336766	3	3	linear_up 0.001
0.0234305722336223	0.0210965628682121	4	4	linear_up 0.001
0.0292487404222445	0.0263559760644898	5	5	linear_up 0.001
0.0350512020837342	0.0316095133745679	6	6	linear_up 0.001
0.0408379987370965	0.036857182338542	7	7	linear_up 0.001
0.0466091717924312	0.0420989904845684	8	8	linear_up 0.001
0.0523647625512174	0.0473349453288876	9	9	linear_up 0.001
0.0581048122065974	0.0525650543758474	10	10	linear_up 0.001
0.0638293618436606	0.0577893251179269	11	11	linear_up 0.001
0.0695384524397256	0.0630077650357595	12	12	linear_up 0.001
0.0752321248646224	0.0682203815981558	13	13	linear_up 0.001
0.0809104198809733	0.0734271822621276	14	14	linear_up 0.001
0.0865733781444734	0.0786281744729103	15	15	linear_up 0.001
0.0922210402041703	0.0838233656639865	16	16	linear_up 0.001
0.0978534465027428	0.0890127632571088	17	17	linear_up 0.001
0.103470637376779	0.0941963746623229	18	18	linear_up 0.001
0.109072653057056	0.0993742072779905	19	19	linear_up 0.001
0.114659533668812	0.104546268490812	20	20	linear_up 0.001
0.120231319232026	0.109712565675851	21	21	linear_up 0.001
0.125788049661692	0.114873106196553	22	22	linear_up 0.001
0.131329764768096	0.120027897404773	23	23	linear_up 0.001
0.136856504257084	0.125176946640795	24	24	linear_up 0.001
0.142368307730342	0.130320261233356	25	25	linear_up 0.001
0.147865214685662	0.135457848499668	26	26	linear_up 0.001
0.153347264517219	0.140589715745441	27	27	linear_up 0.001
0.158814496515841	0.145715870264905	28	28	linear_up 0.001
0.164266949869276	0.150836319340833	29	29	linear_up 0.001
0.169704663662464	0.155951070244563	30	30	linear_up 0.001
0.175127676877808	0.161060130236019	31	31	linear_up 0.001
0.180536028395437	0.166163506563736	32	32	linear_up 0.001
0.185929756993479	0.171261206464881	33	33	linear_up 0.001
0.191308901348324	0.176353237165274	34	34	linear_up 0.001
0.196673500034891	0.181439605879413	35	35	linear_up 0.001
0.202023591526896	0.186520319810492	36	36	linear_up 0.001
0.207359214197112	0.191595386150426	37	37	linear_up 0.001
0.212680406317636	0.196664812079874	38	38	linear_up 0.001
0.217987206060153	0.201728604768256	39	39	linear_up 0.001
0.223279651496196	0.20678677137378	40	40	linear_up 0.001
0	0	0	0	linear_up 0.01
0.0588141167532442	0.0528299238164226	1	1	linear_up 0.01
0.116040863713414	0.105069230988217	2	2	linear_up 0.01
0.171722198370853	0.156725509604028	3	3	linear_up 0.01
0.225898977693077	0.207806227414908	4	4	linear_up 0.01
0.278610986907517	0.258318734203766	5	5	linear_up 0.01
0.329896967532328	0.308270264100631	6	6	linear_up 0.01
0.379794644674869	0.357667937845057	7	7	linear_up 0.01
0.428340753617001	0.40651876499698	8	8	linear_up 0.01
0.475571065705811	0.454829646097303	9	9	linear_up 0.01
0.521520413567914	0.502607374779435	10	10	linear_up 0.01
0.566222715664991	0.549858639833004	11	11	linear_up 0.01
0.609711000207763	0.596590027220911	12	12	linear_up 0.01
0.652017428445162	0.642808022050876	13	13	linear_up 0.01
0.693173317345015	0.688519010502594	14	14	linear_up 0.01
0.733209161682125	0.733729281711587	15	15	linear_up 0.01
0.772154655549234	0.77844502961081	16	16	linear_up 0.01
0.810038713305935	0.822672354731054	17	17	linear_up 0.01
0.846889489980209	0.866417265961145	18	18	linear_up 0.01
0.882734401136889	0.909685682268928	19	19	linear_up 0.01
0.917600142226962	0.952483434383981	20	20	linear_up 0.01
0.951512707431285	0.99481626644301	21	21	linear_up 0.01
0.984497408011894	1.03668983759882	22	22	linear_up 0.01
1.01657889018379	1.07810972359374	23	23	linear_up 0.01
1.04778115251971	1.11908141829841	24	24	linear_up 0.01
1.07812756290009	1.1596103352167	25	25	linear_up 0.01
1.10764087502008	1.19970180895765	26	26	linear_up 0.01
1.13634324446521	1.23936109667515	27	27	linear_up 0.01
1.16425624436696	1.27859337947629	28	28	linear_up 0.01
1.19140088064913	1.31740376379895	29	29	linear_up 0.01
1.21779760687591	1.35579728275944	30	30	linear_up 0.01
1.24346633871175	1.39377889747105	31	31	linear_up 0.01
1.26842646800343	1.43135349833398	32	32	linear_up 0.01
1.2926968764941	1.4685259062975	33	33	linear_up 0.01
1.31629594917882	1.50530087409493	34	34	linear_up 0.01
1.33924158731111	1.54168308745217	35	35	linear_up 0.01
1.36155122106955	1.57767716627029	36	36	linear_up 0.01
1.38324182189328	1.61328766578295	37	37	linear_up 0.01
1.40432991449514	1.64851907768912	38	38	linear_up 0.01
1.42483158856073	1.68337583126177	39	39	linear_up 0.01
1.44476251014179	1.71786229443305	40	40	linear_up 0.01
0	0	0	0	linear_up 0.1
0.588141167532442	0.528299238164226	1	1	linear_up 0.1
1.01754535575742	0.99753681186559	2	2	linear_up 0.1
1.33017005501979	1.41530080974976	3	3	linear_up 0.1
1.55696752734871	1.78797594452374	4	4	linear_up 0.1
1.72076308163143	2.12098049814739	5	5	linear_up 0.1
1.8383813972836	2.41894907529626	6	6	linear_up 0.1
1.92221726260239	2.68587455168712	7	7	linear_up 0.1
1.98139582261964	2.92521918456984	8	8	linear_up 0.1
2.02262954609462	3.14000231858471	9	9	linear_up 0.1
2.05085112744294	3.33287024090774	10	10	linear_up 0.1
2.06968085446245	3.50615234487122	11	11	linear_up 0.1
2.08177168847091	3.66190672515532	12	12	linear_up 0.1
2.08906400989106	3.80195755711045	13	13	linear_up 0.1
2.09297363750919	3.92792603895133	14	14	linear_up 0.1
2.09453056371215	4.0412562475444	15	15	linear_up 0.1
2.09448129209532	4.14323693862593	16	16	linear_up 0.1
2.09336429757221	4.23502008266435	17	17	linear_up 0.1
2.09156564189581	4.31763674758704	18	18	linear_up 0.1
2.08935993980719	4.39201080395168	19	19	linear_up 0.1
2.08694051326535	4.45897082553727	20	20	linear_up 0.1
2.08444156806995	4.51926048037218	21	21	linear_up 0.1
2.08195448606902	4.57354764768367	22	22	linear_up 0.1
2.07953977862634	4.62243245052576	23	23	linear_up 0.1
2.07723584255223	4.66645435848958	24	24	linear_up 0.1
2.07506536092044	4.7060984873678	25	25	linear_up 0.1
2.07303997050112	4.74180120103181	26	26	linear_up 0.1
2.07116365453906	4.77395510366665	27	27	linear_up 0.1
2.06943519922947	4.80291349683381	28	28	linear_up 0.1
2.06784996335495	4.82899436479963	29	29	linear_up 0.1
2.06640114491975	4.85248394258061	30	30	linear_up 0.1
2.06508068017408	4.87363991376315	31	31	linear_up 0.1
2.0638798746688	4.89269427901575	32	32	linear_up 0.1
2.06278983960329	4.90985593106342	33	33	linear_up 0.1
2.06180178727413	4.92531296754134	34	34	linear_up 0.1
2.06090722508923	4.93923476943265	35	35	linear_up 0.1
2.06009807704231	4.95177386960671	36	36	linear_up 0.1
2.05936675375973	4.96306763321657	37	37	linear_up 0.1
2.05870618650372	4.97323976931432	38	38	linear_up 0.1
2.05810983630532	4.98240169094476	39	39	linear_up 0.1
2.05757168630822	4.99065373913286	40	40	linear_up 0.1
0	0	0	0	linear_up 1
4.405	5.28299238164226	1	1	linear_up 1
-3.405	4.65981831699831	2	2	linear_up 1
4.405	5.7185664517365	3	3	linear_up 1
-3.405	4.01356604490865	4	4	linear_up 1
4.405	6.75990611940758	5	5	linear_up 1
-3.405	2.33622597873008	6	6	linear_up 1
4.405	7.455	7	7	linear_up 1
-3.405	-1.455	8	8	linear_up 1
4.405	7.455	9	9	linear_up 1
-3.405	-1.455	10	10	linear_up 1
4.405	7.455	11	11	linear_up 1
-3.405	-1.455	12	12	linear_up 1
4.405	7.455	13	13	linear_up 1
-3.405	-1.455	14	14	linear_up 1
4.405	7.455	15	15	linear_up 1
-3.405	-1.455	16	16	linear_up 1
4.405	7.455	17	17	linear_up 1
-3.405	-1.455	18	18	linear_up 1
4.405	7.455	19	19	linear_up 1
-3.405	-1.455	20	20	linear_up 1
4.405	7.455	21	21	linear_up 1
-3.405	-1.455	22	22	linear_up 1
4.405	7.455	23	23	linear_up 1
-3.405	-1.455	24	24	linear_up 1
4.405	7.455	25	25	linear_up 1
-3.405	-1.455	26	26	linear_up 1
4.405	7.455	27	27	linear_up 1
-3.405	-1.455	28	28	linear_up 1
4.405	7.455	29	29	linear_up 1
-3.405	-1.455	30	30	linear_up 1
4.405	7.455	31	31	linear_up 1
-3.405	-1.455	32	32	linear_up 1
4.405	7.455	33	33	linear_up 1
-3.405	-1.455	34	34	linear_up 1
4.405	7.455	35	35	linear_up 1
-3.405	-1.455	36	36	linear_up 1
4.405	7.455	37	37	linear_up 1
-3.405	-1.455	38	38	linear_up 1
4.405	7.455	39	39	linear_up 1
-3.405	-1.455	40	40	linear_up 1
0	0	0	0	linear_down 0.001
-0.00214185580809196	0.00296512274470196	1	1	linear_down 0.001
-0.00427844885875609	0.00592750731030191	2	2	linear_down 0.001
-0.00640979256495218	0.00888715587735537	3	3	linear_down 0.001
-0.00853590030494659	0.0118440706256585	4	4	linear_down 0.001
-0.0106567854224025	0.0147982537342451	5	5	linear_down 0.001
-0.01277246122647	0.0177497073813838	6	6	linear_down 0.001
-0.0148829409918758	0.0206984337445754	7	7	linear_down 0.001
-0.0169882379590128	0.0236444350005493	8	8	linear_down 0.001
-0.0190883653340293	0.0265877133252615	9	9	linear_down 0.001
-0.0211833362889184	0.029528270893891	10	10	linear_down 0.001
-0.0232731639616065	0.0324661098808375	11	11	linear_down 0.001
-0.025357861456042	0.0354012324597183	12	12	linear_down 0.001
-0.0274374418422838	0.0383336408033654	13	13	linear_down 0.001
-0.0295119181565896	0.041263337083823	14	14	linear_down 0.001
-0.0315813034015034	0.0441903234723444	15	15	linear_down 0.001
-0.0336456105459434	0.0471146021393895	16	16	linear_down 0.001
-0.0357048525252896	0.0500361752546216	17	17	linear_down 0.001
-0.0377590422414711	0.0529550449869054	18	18	linear_down 0.001
-0.0398081925630527	0.0558712135043033	19	19	linear_down 0.001
-0.041852316325322	0.0587846829740733	20	20	linear_down 0.001
-0.0438914263303761	0.0616954555626664	21	21	linear_down 0.001
-0.0459255353472075	0.0646035334357231	22	22	linear_down 0.001
-0.0479546561117905	0.0675089187580717	23	23	linear_down 0.001
-0.0499788013271673	0.0704116136937249	24	24	linear_down 0.001
-0.051997983663533	0.0733116204058773	25	25	linear_down 0.001
-0.0540122157583217	0.076208941056903	26	26	linear_down 0.001
-0.0560215102162914	0.0791035778083525	27	27	linear_down 0.001
-0.0580258796096091	0.0819955328209506	28	28	linear_down 0.001
-0.0600253364779355	0.0848848082545931	29	29	linear_down 0.001
-0.0620198933285095	0.087771406268345	30	30	linear_down 0.001
-0.0640095626362326	0.090655329020437	31	31	linear_down 0.001
-0.0659943568437533	0.0935365786682639	32	32	linear_down 0.001
-0.0679742883615503	0.0964151573683809	33	33	linear_down 0.001
-0.0699493695680169	0.099291067276502	34	34	linear_down 0.001
-0.0719196128095439	0.102164310547497	35	35	linear_down 0.001
-0.0738850304006033	0.105034889335389	36	36	linear_down 0.001
-0.075845634623831	0.107902805793352	37	37	linear_down 0.001
-0.0778014377301097	0.110768062073708	38	38	linear_down 0.001
-0.0797524519386515	0.113630660327924	39	39	linear_down 0.001
-0.0816986894370802	0.116490602706612	40	40	linear_down 0.001
0	0	0	0	linear_down 0.01
-0.0214185580809196	0.0296512274470196	1	1	linear_down 0.01
-0.0423108404190562	0.0590286369838388	2	2	linear_down 0.01
-0.0626902599741936	0.0881344091659621	3	3	linear_down 0.01
-0.0825698827719492	0.116970716955248	4	4	linear_down 0.01
-0.101962436929147	0.145539725428245	5	5	linear_down 0.01
-0.120880321443881	0.173843591497009	6	6	linear_down 0.01
-0.139335614756406	0.201884463642027	7	7	linear_down 0.01
-0.157340083086843	0.229664481656878	8	8	linear_down 0.01
-0.174905188555512	0.257185776404285	9	9	linear_down 0.01
-0.192042097091578	0.284450469583212	10	10	linear_down 0.01
-0.208761686135514	0.311460673506666	11	11	linear_down 0.01
-0.225074552140791	0.338218490889882	12	12	linear_down 0.01
-0.240991017879996	0.364726014648581	13	13	linear_down 0.01
-0.256521139560516	0.390985327706979	14	14	linear_down 0.01
-0.271674713754731	0.416998502815261	15	15	linear_down 0.01
-0.286461284149577	0.442767602376218	16	16	linear_down 0.01
-0.300890148120168	0.468294678280776	17	17	linear_down 0.01
-0.314970363132091	0.493581771752127	18	18	linear_down 0.01
-0.328710752976834	0.518630913198211	19	19	linear_down 0.01
-0.342119913844689	0.543444122072273	20	20	linear_down 0.01
-0.355206220239399	0.568023406741249	21	21	linear_down 0.01
-0.367977830738645	0.592370764361744	22	22	linear_down 0.01
-0.380442693604424	0.616488180763343	23	23	linear_down 0.01
-0.392608552247207	0.640377630339038	24	24	linear_down 0.01
-0.404482950547725	0.664041075942542	25	25	linear_down 0.01
-0.416073238040056	0.687480468792267	26	26	linear_down 0.01
-0.427386574959674	0.710697748381751	27	27	linear_down 0.01
-0.43842993715995	0.733694842396339	28	28	linear_down 0.01
-0.449210120900553	0.756473666635891	29	29	linear_down 0.01
-0.459733747511092	0.779036124943353	30	30	linear_down 0.01
-0.470007267933249	0.801384109138975	31	31	linear_down 0.01
-0.480036967144575	0.823519498959995	32	32	linear_down 0.01
-0.489828968467033	0.845444162005629	33	33	linear_down 0.01
-0.499389237763306	0.867159953687157	34	34	linear_down 0.01
-0.508723587523781	0.888668717182971	35	35	linear_down 0.01
-0.517837680847069	0.909972283398391	36	36	linear_down 0.01
-0.52673703531685	0.93107247093011	37	37	linear_down 0.01
-0.535427026777715	0.951971086035092	38	38	linear_down 0.01
-0.543912893012682	0.972669922603794	39	39	linear_down 0.01
-0.552199737324914	0.993170762137539	40	40	linear_down 0.01
0	0	0	0	linear_down 0.1
-0.214185580809196	0.296512274470196	1	1	linear_down 0.1
-0.375743587340089	0.565642757920361	2	2	linear_down 0.1
-0.49808697937652	0.809572005854868	3	3	linear_down 0.1
-0.591159375037921	1.03040463731621	4	4	linear_down 0.1
-0.662337588091059	1.23014016858536	5	5	linear_down 0.1
-0.717098854932614	1.41065632648563	6	6	linear_down 0.1
-0.759514153217924	1.57370110006286	7	7	linear_down 0.1
-0.792612986717495	1.72089081413125	8	8	linear_down 0.1
-0.818653167635108	1.85371226059905	9	9	linear_down 0.1
-0.839320375998858	1.97352747518188	10	10	linear_down 0.1
-0.855875808693751	2.08158015090707	11	11	linear_down 0.1
-0.869265451818926	2.17900297470574	12	12	linear_down 0.1
-0.880200978610627	2.26682538815784	13	13	linear_down 0.1
-0.889219665517152	2.3459814293291	14	14	linear_down 0.1
-0.896728790506685	2.41731742527433	15	15	linear_down 0.1
-0.903038552518349	2.4815993857195	16	16	linear_down 0.1
-0.908386497737528	2.53952000617881	17	17	linear_down 0.1
-0.912955659997376	2.59170522957237	18	18	linear_down 0.1
-0.916888047334791	2.63872034389153	19	19	linear_down 0.1
-0.920294681546195	2.68107561299661	20	20	linear_down 0.1
-0.923263083321044	2.71923145071052	21	21	linear_down 0.1
-0.92586286323055	2.75360315681285	22	22	linear_down 0.1
-0.928149907124226	2.78456523867482	23	23	linear_down 0.1
-0.930169517529786	2.81245534507766	24	24	linear_down 0.1
-0.931958778781502	2.83757783993442	25	25	linear_down 0.1
-0.933548344185947	2.86020704369966	26	26	linear_down 0.1
-0.93496379219311	2.88059016957431	27	27	linear_down 0.1
-0.936226660560737	2.89894998045964	28	28	linear_down 0.1
-0.937355239396706	2.91548719117341	29	29	linear_down 0.1
-0.938365183163288	2.9303826388473	30	30	linear_down 0.1
-0.939269986325446	2.94379924276909	31	31	linear_down 0.1
-0.940081355916366	2.95588377328045	32	32	linear_down 0.1
-0.940809505837572	2.96676844773258	33	33	linear_down 0.1
-0.941463391439817	2.97657236996454	34	34	linear_down 0.1
-0.942050898276376	2.98540282831926	35	35	linear_down 0.1
-0.942578995462371	2.99335646585801	36	36	linear_down 0.1
-0.943053861501816	3.00052033517825	37	37	linear_down 0.1
-0.943480988528495	3.00697284908298	38	38	linear_down 0.1
-0.943865269477721	3.01278463728766	39	39	linear_down 0.1
-0.944211071637816	3.01801931838007	40	40	linear_down 0.1
0	0	0	0	linear_down 1
-2.14185580809196	2.96512274470196	1	1	linear_down 1
0.97904581164645	3.19206638740085	2	2	linear_down 1
-3.405	2.86138643246996	3	3	linear_down 1
4.405	3.39427376550431	4	4	linear_down 1
-3.405	2.53592468780299	5	5	linear_down 1
4.405	3.91851450341065	6	6	linear_down 1
-3.405	1.69150147166557	7	7	linear_down 1
4.405	5.27867316044782	8	8	linear_down 1
-3.405	-0.499380466259371	9	9	linear_down 1
4.405	7.455	10	10	linear_down 1
-3.405	-1.455	11	11	linear_down 1
4.405	7.455	12	12	linear_down 1
-3.405	-1.455	13	13	linear_down 1
4.405	7.455	14	14	linear_down 1
-3.405	-1.455	15	15	linear_down 1
4.405	7.455	16	16	linear_down 1
-3.405	-1.455	17	17	linear_down 1
4.405	7.455	18	18	linear_down 1
-3.405	-1.455	19	19	linear_down 1
4.405	7.455	20	20	linear_down 1
-3.405	-1.455	21	21	linear_down 1
4.405	7.455	22	22	linear_down 1
-3.405	-1.455	23	23	linear_down 1
4.405	7.455	24	24	linear_down 1
-3.405	-1.455	25	25	linear_down 1
4.405	7.455	26	26	linear_down 1
-3.405	-1.455	27	27	linear_down 1
4.405	7.455	28	28	linear_down 1
-3.405	-1.455	29	29	linear_down 1
4.405	7.455	30	30	linear_down 1
-3.405	-1.455	31	31	linear_down 1
4.405	7.455	32	32	linear_down 1
-3.405	-1.455	33	33	linear_down 1
4.405	7.455	34	34	linear_down 1
-3.405	-1.455	35	35	linear_down 1
4.405	7.455	36	36	linear_down 1
-3.405	-1.455	37	37	linear_down 1
4.405	7.455	38	38	linear_down 1
-3.405	-1.455	39	39	linear_down 1
4.405	7.455	40	40	linear_down 1
0	0	0	0	quadratic 0.001
0.000763967976230672	0.00267486408772301	1	1	quadratic 0.001
0.00152566332490034	0.00534697236395054	2	2	quadratic 0.001
0.00228509225543838	0.00801632782529387	3	3	quadratic 0.001
0.0030422609607886	0.0106829334647097	4	4	quadratic 0.001
0.00379717561745263	0.0133467922715057	5	5	quadratic 0.001
0.00454984238553307	0.0160079072313455	6	6	quadratic 0.001
0.00530026740877657	0.0186662813262548	7	7	quadratic 0.001
0.00604845681461685	0.0213219175346259	8	8	quadratic 0.001
0.00679441671421751	0.0239748188312237	9	9	quadratic 0.001
0.00753815320251482	0.0266249881871907	10	10	quadratic 0.001
0.0082796723582603	0.0292724285700527	11	11	quadratic 0.001
0.00901898024406332	0.0319171429437234	12	12	quadratic 0.001
0.00975608290643345	0.0345591342685108	13	13	quadratic 0.001
0.0104909863758228	0.0371984055011215	14	14	quadratic 0.001
0.0112236966666682	0.0398349595946666	15	15	quadratic 0.001
0.0119542197774332	0.0424687994986667	16	16	quadratic 0.001
0.0126825616906503	0.0450999281590575	17	17	quadratic 0.001
0.0134087283729624	0.0477283485181948	18	18	quadratic 0.001
0.014132725775165	0.0503540635148597	19	19	quadratic 0.001
0.0148545598322476	0.0529770760842641	20	20	quadratic 0.001
0.015574236463435	0.0555973891580559	21	21	quadratic 0.001
0.0162917615722293	0.0582150056643241	22	22	quadratic 0.001
0.0170071410464508	0.0608299285276041	23	23	quadratic 0.001
0.0177203807582791	0.0634421606688829	24	24	quadratic 0.001
0.0184314865642949	0.0660517050056044	25	25	quadratic 0.001
0.01914046430552	0.0686585644516743	26	26	quadratic 0.001
0.0198473198074589	0.0712627419174657	27	27	quadratic 0.001
0.0205520588801394	0.0738642403098241	28	28	quadratic 0.001
0.0212546873181531	0.0764630625320724	29	29	quadratic 0.001
0.0219552109006964	0.0790592114840163	30	30	quadratic 0.001
0.0226536353916103	0.0816526900619493	31	31	quadratic 0.001
0.0233499665394213	0.084243501158658	32	32	quadratic 0.001
0.0240442100773815	0.0868316476634268	33	33	quadratic 0.001
0.0247363717235085	0.0894171324620438	34	34	quadratic 0.001
0.025426457180626	0.0919999584368051	35	35	quadratic 0.001
0.0261144721364031	0.0945801284665204	36	36	quadratic 0.001
0.0268004222633944	0.0971576454265179	37	37	quadratic 0.001
0.0274843132190799	0.0997325121886495	38	38	quadratic 0.001
0.0281661506459042	0.102304731621296	39	39	quadratic 0.001
0.0288459401713166	0.104874306589371	40	40	quadratic 0.001
0	0	0	0	quadratic 0.01
0.00763967976230672	0.0267486408772301	1	1	quadratic 0.01
0.0150520967685134	0.0532217006049132	2	2	quadratic 0.01
0.0222434604479801	0.0794221757943108	3	3	quadratic 0.01
0.0292198153747832	0.105353026511275	4	4	quadratic 0.01
0.0359870455989148	0.131017176816377	5	5	quadratic 0.01
0.0425508788641343	0.156417515295046	6	6	quadratic 0.01
0.0489168907154344	0.181556895577939	7	7	quadratic 0.01
0.0550905084990066	0.20643813685175	8	8	quadratic 0.01
0.0610770152575143	0.231064024360677	9	9	quadratic 0.01
0.0668815535234109	0.25543730989875	10	10	quadratic 0.01
0.0725091290129656	0.279560712293204	11	11	quadratic 0.01
0.0779646142235928	0.303436917879121	12	12	quadratic 0.01
0.0832527519370124	0.327068580965502	13	13	quadratic 0.01
0.0883781586307005	0.350458324292969	14	14	quadratic 0.01
0.0933453278000293	0.373608739483278	15	15	quadratic 0.01
0.0981586331934288	0.396522387480815	16	16	quadratic 0.01
0.102822331962844	0.419201798986251	17	17	quadratic 0.01
0.107340567731701	0.441649474882518	18	18	quadratic 0.01
0.111717373582542	0.463867886653276	19	19	quadratic 0.01
0.115956674966418	0.485859476794038	20	20	quadratic 0.01
0.1200622925361	0.507626659216087	21	21	quadratic 0.01
0.124037944905086	0.52917181964336	22	22	quadratic 0.01
0.127887251334348	0.550497316002444	23	23	quadratic 0.01
0.131613734348717	0.571605478805813	24	24	quadratic 0.01
0.135220822284725	0.592498611528473	25	25	quadratic 0.01
0.138711851771717	0.61317899097813	26	26	quadratic 0.01
0.142090070147963	0.633648867659039	27	27	quadratic 0.01
0.145358637813477	0.653910466129643	28	28	quadratic 0.01
0.148520630521193	0.67396598535415	29	29	quadratic 0.01
0.151579041608109	0.693817599048165	30	30	quadratic 0.01
0.154536784167977	0.713467456018501	31	31	quadratic 0.01
0.157396693167056	0.732917680497288	32	32	quadratic 0.01
0.160161527504419	0.752170372470504	33	33	quadratic 0.01
0.162833972018275	0.77122760800103	34	34	quadratic 0.01
0.165416639439698	0.79009143954636	35	35	quadratic 0.01
0.167912072295152	0.808763896271051	36	36	quadratic 0.01
0.170322744759154	0.827246984354042	37	37	quadratic 0.01
0.172651064458363	0.845542687290935	38	38	quadratic 0.01
0.174899374228376	0.863652966191333	39	39	quadratic 0.01
0.177069953824469	0.881579760071359	40	40	quadratic 0.01
0	0	0	0	quadratic 0.1
0.0763967976230672	0.267486408772301	1	1	quadratic 0.1
0.130067319636135	0.50741470258991	2	2	quadratic 0.1
0.167220995399142	0.722781492714201	3	3	quadratic 0.1
0.19241870143746	0.916217936311871	4	4	quadratic 0.1
0.20900588134807	1.09004374936077	5	5	quadratic 0.1
0.219432318300934	1.24631122907624	6	6	quadratic 0.1
0.225488179216175	1.38684148589588	7	7	quadratic 0.1
0.228478214215658	1.5132545512232	8	8	quadratic 0.1
0.229350279274943	1.62699462863979	9	9	quadratic 0.1
0.228790126789394	1.72935145821461	10	10	quadratic 0.1
0.227291288347944	1.82147854001418	11	11	quadratic 0.1
0.22520656844645	1.90440879480816	12	12	quadratic 0.1
0.222785964410828	1.97906811309469	13	13	quadratic 0.1
0.220204569227449	2.04628714743677	14	14	quadratic 0.1
0.21758308412946	2.1068116299163	15	15	quadratic 0.1
0.21500288082688	2.16131144049841	16	16	quadratic 0.1
0.212517045770872	2.21038860896522	17	17	quadratic 0.1
0.210158463943538	2.25458439963491	18	18	quadratic 0.1
0.207945722735593	2.29438560195593	19	19	quadratic 0.1
0.205887411928373	2.33023012948633	20	20	quadratic 0.1
0.203985244728217	2.36251201341399	21	21	quadratic 0.1
0.20223631324105	2.39158586365546	22	22	quadratic 0.1
0.200634709401653	2.41777085994668	23	23	quadratic 0.1
0.199172681559621	2.4413543266498	24	24	quadratic 0.1
0.197841452037806	2.4625949378246	25	25	quadratic 0.1
0.196631787856313	2.48172559313007	26	26	quadratic 0.1
0.195534392380177	2.49895600008881	27	27	quadratic 0.1
0.194540167629645	2.51447499397505	28	28	quadratic 0.1
0.193640383709763	2.52845262293469	29	29	quadratic 0.1
0.192826782030943	2.54104202279796	30	30	quadratic 0.1
0.192091631788238	2.55238110331725	31	31	quadratic 0.1
0.191427753867844	2.56259406518263	32	32	quadratic 0.1
0.190828522455085	2.57179276508259	33	33	quadratic 0.1
0.190287851760008	2.58007794424161	34	34	quadratic 0.1
0.189800173182177	2.58754033424465	35	35	quadratic 0.1
0.189360406704344	2.59426165252113	36	36	quadratic 0.1
0.188963929186772	2.60031549858365	37	37	quadratic 0.1
0.188606541420808	2.60576816097874	38	38	quadratic 0.1
0.188284435210827	2.61067934389163	39	39	quadratic 0.1
0.187994161328466	2.61510282143937	40	40	quadratic 0.1
0	0	0	0	quadratic 1
0.763967976230672	2.67486408772301	1	1	quadratic 1
-0.744691608538599	2.59391667997685	2	2	quadratic 1
1.6834506056312	2.75376903813589	3	3	quadratic 1
-2.22770436700107	2.49649147678336	4	4	quadratic 1
4.405	2.91090394717266	5	5	quadratic 1
-3.405	2.24338712627879	6	6	quadratic 1
4.405	3.31859297721833	7	7	quadratic 1
-3.405	1.58670010855408	8	8	quadratic 1
4.405	4.37635467182671	9	9	quadratic 1
-3.405	-0.117094503462037	10	10	quadratic 1
4.405	7.455	11	11	quadratic 1
-3.405	-1.455	12	12	quadratic 1
4.405	7.455	13	13	quadratic 1
-3.405	-1.455	14	14	quadratic 1
4.405	7.455	15	15	quadratic 1
-3.405	-1.455	16	16	quadratic 1
4.405	7.455	17	17	quadratic 1
-3.405	-1.455	18	18	quadratic 1
4.405	7.455	19	19	quadratic 1
-3.405	-1.455	20	20	quadratic 1
4.405	7.455	21	21	quadratic 1
-3.405	-1.455	22	22	quadratic 1
4.405	7.455	23	23	quadratic 1
-3.405	-1.455	24	24	quadratic 1
4.405	7.455	25	25	quadratic 1
-3.405	-1.455	26	26	quadratic 1
4.405	7.455	27	27	quadratic 1
-3.405	-1.455	28	28	quadratic 1
4.405	7.455	29	29	quadratic 1
-3.405	-1.455	30	30	quadratic 1
4.405	7.455	31	31	quadratic 1
-3.405	-1.455	32	32	quadratic 1
4.405	7.455	33	33	quadratic 1
-3.405	-1.455	34	34	quadratic 1
4.405	7.455	35	35	quadratic 1
-3.405	-1.455	36	36	quadratic 1
4.405	7.455	37	37	quadratic 1
-3.405	-1.455	38	38	quadratic 1
4.405	7.455	39	39	quadratic 1
-3.405	-1.455	40	40	quadratic 1
0	0	0	0	sin 0.001
-0.00120003456631744	0.00488859516166885	1	1	sin 0.001
-0.00239746247953118	0.00977242887969333	2	2	sin 0.001
-0.00359229002229882	0.0146515056393251	3	3	sin 0.001
-0.00478452346139451	0.0195258299219964	4	4	sin 0.001
-0.00597416904774992	0.0243954062053218	5	5	sin 0.001
-0.00716123301649505	0.0292602389631007	6	6	sin 0.001
-0.00834572158699902	0.0341203326653195	7	7	sin 0.001
-0.00952764096291065	0.0389756917781533	8	8	sin 0.001
-0.010706997332199	0.0438263207639686	9	9	sin 0.001
-0.0118837968671939	0.048672224081325	10	10	sin 0.001
-0.0130580457246261	0.0535134061849778	11	11	sin 0.001
-0.0142297500456675	0.0583498715258795	12	12	sin 0.001
-0.0153989159559714	0.0631816245511828	13	13	sin 0.001
-0.0165655495657124	0.0680086697042418	14	14	sin 0.001
-0.0177296569696264	0.0728310114246152	15	15	sin 0.001
-0.0188912442470502	0.0776486541480674	16	16	sin 0.001
-0.0200503174619614	0.0824616023065716	17	17	sin 0.001
-0.0212068826630177	0.0872698603283113	18	18	sin 0.001
-0.022360945883597	0.0920734326376827	19	19	sin 0.001
-0.0235125131418359	0.0968723236552971	20	20	sin 0.001
-0.0246615904406699	0.101666537797983	21	21	sin 0.001
-0.0258081837678718	0.106456079478787	22	22	sin 0.001
-0.0269522990960913	0.111240953106978	23	23	sin 0.001
-0.0280939423828937	0.11602116308805	24	24	sin 0.001
-0.029233119570799	0.120796713823719	25	25	sin 0.001
-0.0303698365873204	0.125567609711932	26	26	sin 0.001
-0.0315040993450032	0.130333855146866	27	27	sin 0.001
-0.0326359137414634	0.135095454518928	28	28	sin 0.001
-0.0337652856594258	0.139852412214762	29	29	sin 0.001
-0.0348922209667629	0.144604732617247	30	30	sin 0.001
-0.0360167255165327	0.149352420105503	31	31	sin 0.001
-0.0371388051470174	0.154095479054887	32	32	sin 0.001
-0.0382584656817608	0.158833913837004	33	33	sin 0.001
-0.0393757129296069	0.163567728819701	34	34	sin 0.001
-0.0404905526847375	0.168296928367075	35	35	sin 0.001
-0.0416029907267099	0.17302151683947	36	36	sin 0.001
-0.0427130328204947	0.177741498593486	37	37	sin 0.001
-0.0438206847165135	0.182456877981973	38	38	sin 0.001
-0.044925952150676	0.18716765935404	39	39	sin 0.001
-0.0460288408444179	0.191873847055055	40	40	sin 0.001
0	0	0	0	sin 0.01
-0.0120003456631744	0.0488859516166885	1	1	sin 0.01
-0.0237400260159784	0.0972957588689405	2	2	sin 0.01
-0.0352253237160144	0.145233907008442	3	3	sin 0.01
-0.0464623625864194	0.192704843091248	4	4	sin 0.01
-0.0574571117111012	0.239712976191447	5	5	sin 0.01
-0.0682153894235712	0.286262677617018	6	6	sin 0.01
-0.078742867192144	0.332358281127769	7	7	sin 0.01
-0.0890450734042067	0.3780040831552	8	8	sin 0.01
-0.0991273970521866	0.423204343024184	9	9	sin 0.01
-0.108995091323779	0.467963283176337	10	10	sin 0.01
-0.118653277098929	0.512285089394954	11	11	sin 0.01
-0.128106946356002	0.556173911031403	12	12	sin 0.01
-0.137360965489496	0.59963386123287	13	13	sin 0.01
-0.146420078541619	0.64266901717133	14	14	sin 0.01
-0.15528891034996	0.685283420273661	15	15	sin 0.01
-0.163971969613446	0.727481076452792	16	16	sin 0.01
-0.172473651878714	0.769265956339784	17	17	sin 0.01
-0.180798242448968	0.810641995516756	18	18	sin 0.01
-0.188949919217348	0.851613094750566	19	19	sin 0.01
-0.196932755426763	0.892183120227154	20	20	sin 0.01
-0.204750722358122	0.932355903786468	21	21	sin 0.01
-0.212407691948807	0.972135243157889	22	22	sin 0.01
-0.21990743934323	1.01152490219608	23	23	sin 0.01
-0.227253645377214	1.05052861111715	24	24	sin 0.01
-0.234449898997949	1.08915006673517	25	25	sin 0.01
-0.241499699621177	1.12739293269875	26	26	sin 0.01
-0.248406459427264	1.16526083972792	27	27	sin 0.01
-0.255173505597726	1.2027573858509	28	28	sin 0.01
-0.261804082493779	1.23988613664102	29	29	sin 0.01
-0.268301353778413	1.27665062545347	30	30	sin 0.01
-0.274668404483464	1.31305435366201	31	31	sin 0.01
-0.280908243023112	1.34910079089545	32	32	sin 0.01
-0.287023803155206	1.38479337527393	33	33	sin 0.01
-0.293017945891765	1.42013551364489	34	34	sin 0.01
-0.298893461359993	1.45513058181872	35	35	sin 0.01
-0.304653070615075	1.48978192480404	36	36	sin 0.01
-0.310299427406032	1.52409285704252	37	37	sin 0.01
-0.31583511989584	1.55806666264323	38	38	sin 0.01
-0.321262672337009	1.59170659561646	39	39	sin 0.01
-0.326584546703781	1.62501588010705	40	40	sin 0.01
0	0	0	0	sin 0.1
-0.120003456631744	0.488859516166885	1	1	sin 0.1
-0.213940382226438	0.930104595890119	2	2	sin 0.1
-0.288093434386688	1.3282204908555	3	3	sin 0.1
-0.347156926057323	1.68731049644995	4	4	sin 0.1
-0.39464634921568	2.01111731784008	5	5	sin 0.1
-0.433201493793592	2.30304663861445	6	6	sin 0.1
-0.464810890680477	2.56619154430503	7	7	sin 0.1
-0.49097807338169	2.80335688167696	8	8	sin 0.1
-0.512844806821657	3.01708294374054	9	9	sin 0.1
-0.531282480976796	3.20966809195174	10	10	sin 0.1
-0.546959947270259	3.38319008456814	11	11	sin 0.1
-0.560393917817234	3.5395259909402	12	12	sin 0.1
-0.571986452796323	3.68037064838641	13	13	sin 0.1
-0.582052882478835	3.80725367058415	14	14	sin 0.1
-0.59084263917756	3.92155505097374	15	15	sin 0.1
-0.598554830332683	4.02451942655006	16	16	sin 0.1
-0.605349907835465	4.11726908028217	17	17	sin 0.1
-0.611358436680313	4.20081576693502	18	18	sin 0.1
-0.616687705750878	4.27607144921867	19	19	sin 0.1
-0.621426731056245	4.3438580303681	20	20	sin 0.1
-0.625650059355142	4.40491616647771	21	21	sin 0.1
-0.629420674770721	4.45991323790412	22	22	sin 0.1
-0.63279223304762	4.50945055432633	23	23	sin 0.1
-0.635810790398905	4.55406986297316	24	24	sin 0.1
-0.638516151157399	4.59425922434629	25	25	sin 0.1
-0.640942926784739	4.63045831465018	26	26	sin 0.1
-0.643121375319984	4.66306320919993	27	27	sin 0.1
-0.645078072937203	4.69243069638287	28	28	sin 0.1
-0.646836456353168	4.71888216733956	29	29	sin 0.1
-0.648417265217472	4.74270712242385	30	30	sin 0.1
-0.649838906467026	4.76416633170436	31	31	sin 0.1
-0.651117757298056	4.78349468327643	32	32	sin 0.1
-0.652268419430454	4.80090374995293	33	33	sin 0.1
-0.653303934362925	4.81658410198025	34	34	sin 0.1
-0.654235967085067	4.83070739076336	35	35	sin 0.1
-0.655074964033215	4.84342822616493	36	36	sin 0.1
-0.65583028980919	4.85488586774819	37	37	sin 0.1
-0.656510346220252	4.86520574834413	38	38	sin 0.1
-0.657122676466809	4.87450084652328	39	39	sin 0.1
-0.657674056744121	4.8828729229243	40	40	sin 0.1
0	0	0	0	sin 1
-1.20003456631744	4.88859516166885	1	1	sin 1
0.206583971070176	5.01574667897256	2	2	sin 1
-2.06280199044418	4.86670623770826	3	3	sin 1
1.5925965243252	5.10716253492959	4	4	sin 1
-3.405	4.7198491353423	5	5	sin 1
4.405	5.34371602966833	6	6	sin 1
-3.405	4.33881950293012	7	7	sin 1
4.405	5.95746129778649	8	8	sin 1
-3.405	3.35022643296053	9	9	sin 1
4.405	7.455	10	10	sin 1
-3.405	0.785291386847012	11	11	sin 1
4.405	7.455	12	12	sin 1
-3.405	-1.455	13	13	sin 1
4.405	7.455	14	14	sin 1
-3.405	-1.455	15	15	sin 1
4.405	7.455	16	16	sin 1
-3.405	-1.455	17	17	sin 1
4.405	7.455	18	18	sin 1
-3.405	-1.455	19	19	sin 1
4.405	7.455	20	20	sin 1
-3.405	-1.455	21	21	sin 1
4.405	7.455	22	22	sin 1
-3.405	-1.455	23	23	sin 1
4.405	7.455	24	24	sin 1
-3.405	-1.455	25	25	sin 1
4.405	7.455	26	26	sin 1
-3.405	-1.455	27	27	sin 1
4.405	7.455	28	28	sin 1
-3.405	-1.455	29	29	sin 1
4.405	7.455	30	30	sin 1
-3.405	-1.455	31	31	sin 1
4.405	7.455	32	32	sin 1
-3.405	-1.455	33	33	sin 1
4.405	7.455	34	34	sin 1
-3.405	-1.455	35	35	sin 1
4.405	7.455	36	36	sin 1
-3.405	-1.455	37	37	sin 1
4.405	7.455	38	38	sin 1
-3.405	-1.455	39	39	sin 1
4.405	7.455	40	40	sin 1
